cycle,modeldate,candidate_inc,candidate_chal,ecwin_inc,ecwin_chal,ecwin_3rd,ec_nomajority,popwin_inc,popwin_chal,popwin_3rd,ev_inc,ev_chal,ev_3rd,ev_inc_hi,ev_chal_hi,ev_3rd_hi,ev_inc_lo,ev_chal_lo,ev_3rd_lo,national_voteshare_inc,national_voteshare_chal,national_voteshare_3rd,nat_voteshare_other,national_voteshare_inc_hi,national_voteshare_chal_hi,national_voteshare_3rd_hi,nat_voteshare_other_hi,national_voteshare_inc_lo,national_voteshare_chal_lo,national_voteshare_3rd_lo,nat_voteshare_other_lo,national_turnout,national_turnout_hi,national_turnout_lo,timestamp,simulations
2020,11/3/2020,Trump,Biden,0.1039,0.8916,,0.0045,0.0257,0.9743,,189.5133,348.4867,,271,419.0,,119.0,267,,45.373470000000005,53.37624,,1.250291,47.85099,55.83899,,1.842986,42.912620000000004,50.87952,,0.7244333000000001,157972048.0,168424640.0,147487920.0,00:00:48  3 Nov 2020,40000
2020,11/2/2020,Trump,Biden,0.102675,0.8932,,0.004125,0.025625,0.974375,,189.5295,348.4705,,271,419.0,,119.0,267,,45.373470000000005,53.37624,,1.250291,47.8502,55.83824,,1.842986,42.91348,50.88025,,0.7244333000000001,157972048.0,168424640.0,147487920.0,23:45:03  2 Nov 2020,40000
2020,11/1/2020,Trump,Biden,0.10285,0.892825,,0.004325,0.0289,0.9711,,190.0875,347.9125,,270,419.0,,119.0,268,,45.50108,53.277530000000006,,1.221387,47.97809,55.76475,,1.82349,43.03094,50.77527,,0.6895916,157737856.0,168190448.0,147253728.0,23:11:03  1 Nov 2020,40000
2020,10/31/2020,Trump,Biden,0.105625,0.8883,,0.006075,0.029525,0.970475,,190.6819,347.3181,,273,419.0,,119.0,265,,45.486999999999995,53.286080000000005,,1.226916,47.99736,55.80073,,1.835479,42.980959999999996,50.747640000000004,,0.6898021,158044784.0,168497376.0,147560672.0,22:23:03 31 Oct 2020,40000
2020,10/30/2020,Trump,Biden,0.099625,0.8958,,0.004575,0.030175,0.969825,,190.9733,347.0267,,269,419.0,,119.0,269,,45.468379999999996,53.297369999999994,,1.2342389999999999,48.0105,55.848209999999995,,1.847821,42.9251,50.72821,,0.6928369000000001,156723120.0,167175712.0,146239008.0,21:34:03 30 Oct 2020,40000
2020,10/29/2020,Trump,Biden,0.108975,0.886725,,0.0043,0.030525,0.969475,,191.1951,346.8049,,275,420.0,,118.0,263,,45.41101,53.340819999999994,,1.248171,47.99825,55.94868,,1.8661349999999999,42.81808,50.72867,,0.7026303,154000000.0,164000000.0,143000000.0,22:17:03 29 Oct 2020,40000
2020,10/28/2020,Trump,Biden,0.112575,0.88265,,0.004775,0.034175,0.965825,,195.15900000000002,342.841,,275,419.0,,119.0,263,,45.46624,53.28358000000001,,1.250183,48.0974,55.927119999999995,,1.872111,42.835029999999996,50.62366,,0.7014520000000001,154000000.0,164000000.0,143000000.0,21:36:04 28 Oct 2020,40000
2020,10/27/2020,Trump,Biden,0.1189,0.875525,,0.005575,0.035125,0.964875,,194.43400000000003,343.566,,278,419.0,,119.0,260,,45.43136,53.32009,,1.248548,48.11111,56.01546,,1.874326,42.748290000000004,50.611959999999996,,0.6969134,154000000.0,164000000.0,143000000.0,21:01:03 27 Oct 2020,40000
2020,10/26/2020,Trump,Biden,0.12355,0.870825,,0.005625,0.036275,0.963725,,194.4589,343.5411,,279,420.0,,118.0,259,,45.41864,53.330009999999994,,1.251342,48.141020000000005,56.063159999999996,,1.880471,42.695029999999996,50.58232,,0.6969583,154000000.0,164000000.0,143000000.0,20:38:03 26 Oct 2020,40000
2020,10/25/2020,Trump,Biden,0.123075,0.871125,,0.0058,0.037925,0.962075,,193.2231,344.7769,,279,420.0,,118.0,259,,45.40333,53.344319999999996,,1.2523520000000001,48.17115,56.123940000000005,,1.884866,42.63616,50.54306,,0.6952916,154000000.0,164000000.0,143000000.0,20:47:03 25 Oct 2020,40000
2020,10/24/2020,Trump,Biden,0.1296,0.864925,,0.005475,0.04035,0.95965,,194.5822,343.4178,,281,421.0,,117.0,257,,45.417359999999995,53.32679,,1.255845,48.22457,56.14759,,1.8912689999999999,42.608990000000006,50.48753,,0.6963421999999999,154000000.0,164000000.0,143000000.0,22:24:03 24 Oct 2020,40000
2020,10/23/2020,Trump,Biden,0.1251,0.8688,,0.0061,0.0386,0.9614,,191.6852,346.3148,,280,422.0,,116.0,258,,45.32072,53.41985,,1.259425,48.155640000000005,56.265209999999996,,1.897257,42.490390000000005,50.54681,,0.6978626,154000000.0,164000000.0,143000000.0,22:19:03 23 Oct 2020,40000
2020,10/22/2020,Trump,Biden,0.1219,0.872325,,0.005775,0.039925,0.960075,,191.0482,346.9518,,279,423.0,,115.0,259,,45.28804,53.4502,,1.261757,48.17241,56.333859999999994,,1.9023029999999999,42.41592,50.5427,,0.69797,154000000.0,164000000.0,143000000.0,19:00:04 22 Oct 2020,40000
2020,10/21/2020,Trump,Biden,0.127775,0.8666,,0.005625,0.04125,0.95875,,192.7293,345.2707,,280,422.0,,116.0,258,,45.30177,53.440909999999995,,1.257318,48.22488,56.35245,,1.9002,42.39642,50.503679999999996,,0.6919706,146000000.0,156000000.0,136000000.0,20:34:25 21 Oct 2020,40000
2020,10/20/2020,Trump,Biden,0.12485,0.870675,,0.004475,0.042275,0.957725,,192.3522,345.6478,,280,424.0,,114.0,258,,45.26448,53.478269999999995,,1.2572450000000002,48.234159999999996,56.43481,,1.902716,42.30985,50.49361,,0.6899054,143000000.0,153000000.0,133000000.0,21:36:03 20 Oct 2020,40000
2020,10/19/2020,Trump,Biden,0.120425,0.875,,0.004575,0.040675,0.959325,,190.33599999999998,347.664,,279,426.0,,112.0,259,,45.17442,53.57301,,1.2525700000000002,48.1834,56.56211,,1.9003720000000002,42.18653,50.55529,,0.6836989,143000000.0,153000000.0,133000000.0,21:55:04 19 Oct 2020,40000
2020,10/18/2020,Trump,Biden,0.121775,0.87355,,0.004675,0.0418,0.9582,,191.2572,346.7427,,279,425.0,,113.0,259,,45.17662,53.57382,,1.249555,48.21889,56.601459999999996,,1.8995080000000002,42.149190000000004,50.520790000000005,,0.6792043000000001,143000000.0,153000000.0,133000000.0,21:11:03 18 Oct 2020,40000
2020,10/17/2020,Trump,Biden,0.12235,0.87365,,0.004,0.04375,0.95625,,191.3031,346.6969,,280,426.0,,112.0,258,,45.17821,53.57001999999999,,1.2517690000000001,48.253,56.635040000000004,,1.903847,42.1105,50.48,,0.6796591,143000000.0,153000000.0,133000000.0,19:17:03 17 Oct 2020,40000
2020,10/16/2020,Trump,Biden,0.129225,0.8677,,0.003075,0.045975,0.954025,,192.213,345.787,,283,426.0,,112.0,255,,45.22214,53.52393000000001,,1.253931,48.328990000000005,56.621430000000004,,1.907859,42.127559999999995,50.40108,,0.6802756999999999,143000000.0,153000000.0,133000000.0,21:08:11 16 Oct 2020,40000
2020,10/15/2020,Trump,Biden,0.1295,0.867025,,0.003475,0.04715,0.95285,,192.0065,345.9936,,283,426.0,,112.0,255,,45.22849,53.52165,,1.249865,48.36061,56.64082,,1.9054369999999998,42.1101,50.373090000000005,,0.6751865,143000000.0,153000000.0,133000000.0,20:38:03 15 Oct 2020,40000
2020,10/14/2020,Trump,Biden,0.130775,0.8657,,0.003525,0.050875,0.949125,,192.1605,345.8395,,283,426.0,,112.0,255,,45.270990000000005,53.47211,,1.256896,48.44166,56.63706,,1.914557,42.11092,50.28674,,0.6802050999999999,143000000.0,153000000.0,133000000.0,21:42:04 14 Oct 2020,40000
2020,10/13/2020,Trump,Biden,0.129775,0.866625,,0.0036,0.05085,0.94915,,191.7341,346.2659,,284,427.0,,111.0,254,,45.2369,53.51113,,1.251966,48.438,56.7049,,1.911543,42.04291,50.29504,,0.6740980999999999,141000000.0,151000000.0,131000000.0,23:16:03 13 Oct 2020,40000
2020,10/12/2020,Trump,Biden,0.134325,0.8621,,0.003575,0.0549,0.9451,,191.9522,346.0478,,285,428.0,,110.0,253,,45.28416,53.46163000000001,,1.254209,48.522459999999995,56.69149,,1.915702,42.05617,50.20482,,0.6747430999999999,141000000.0,151000000.0,131000000.0,21:07:03 12 Oct 2020,40000
2020,10/11/2020,Trump,Biden,0.137725,0.85825,,0.004025,0.056725,0.943275,,192.5051,345.4949,,286,429.0,,109.0,252,,45.28168,53.46363,,1.254689,48.55581,56.73321,,1.918076,42.02129,50.17009,,0.6737469,141000000.0,151000000.0,131000000.0,19:00:04 11 Oct 2020,40000
2020,10/10/2020,Trump,Biden,0.144425,0.851475,,0.0041,0.06045,0.93955,,193.7852,344.2148,,289,428.0,,110.0,249,,45.33618,53.4039,,1.259915,48.6417,56.70459,,1.924986,42.04492,50.078379999999996,,0.6773756,141000000.0,151000000.0,131000000.0,19:00:03 10 Oct 2020,40000
2020,10/9/2020,Trump,Biden,0.147025,0.84845,,0.004525,0.063,0.937,,194.4416,343.5584,,290,428.0,,110.0,248,,45.36269,53.37741,,1.259901,48.69299,56.70117,,1.9264080000000001,42.04865,50.02898,,0.6762649000000001,141000000.0,151000000.0,131000000.0,19:46:04  9 Oct 2020,40000
2020,10/8/2020,Trump,Biden,0.151625,0.843975,,0.0044,0.065825,0.934175,,194.9928,343.0071,,292,428.0,,110.0,246,,45.39284,53.34567,,1.261487,48.74539,56.68546,,1.9292029999999998,42.06244,49.981190000000005,,0.6768321999999999,141000000.0,151000000.0,131000000.0,21:25:03  8 Oct 2020,40000
2020,10/7/2020,Trump,Biden,0.15645,0.83955,,0.004,0.0694,0.9306,,195.3795,342.6205,,294,428.0,,110.0,244,,45.43958,53.29694,,1.2634809999999999,48.82271,56.66733000000001,,1.932809,42.081579999999995,49.904140000000005,,0.6774768,141000000.0,151000000.0,131000000.0,20:48:03  7 Oct 2020,40000
2020,10/6/2020,Trump,Biden,0.17175,0.82345,,0.0048,0.077075,0.922925,,199.3351,338.6649,,296,427.0,,111.0,242,,45.58092,53.158840000000005,,1.260238,48.9858,56.54906,,1.930775,42.20272,49.74423,,0.6735048,141000000.0,151000000.0,131000000.0,22:00:03  6 Oct 2020,40000
2020,10/5/2020,Trump,Biden,0.180725,0.814125,,0.00515,0.0868,0.9132,,202.25599999999997,335.744,,300,425.0,,113.0,238,,45.7283,53.00696,,1.264741,49.14938,56.41225,,1.936059,42.33579,49.57882,,0.6771418,141000000.0,151000000.0,131000000.0,23:45:04  5 Oct 2020,40000
2020,10/4/2020,Trump,Biden,0.18655,0.80915,,0.0043,0.090375,0.909625,,203.25599999999997,334.744,,302,425.0,,113.0,236,,45.77543,52.96099,,1.263579,49.20663,56.374359999999996,,1.9356529999999998,42.374159999999996,49.52385,,0.6754725,141000000.0,151000000.0,131000000.0,20:24:03  4 Oct 2020,40000
2020,10/3/2020,Trump,Biden,0.19425,0.801225,,0.004525,0.096625,0.903375,,205.2224,332.7776,,305,425.0,,113.0,233,,45.86703,52.87085,,1.262119,49.3147,56.30421,,1.935287,42.44763,49.41457,,0.6732670000000001,141000000.0,151000000.0,131000000.0,20:48:03  3 Oct 2020,40000
2020,10/2/2020,Trump,Biden,0.201875,0.79335,,0.004775,0.099925,0.900075,,205.0107,332.9893,,308,426.0,,112.0,230,,45.88682,52.834230000000005,,1.27895,49.36169,56.29155,,1.953193,42.443979999999996,49.35483,,0.6882701,141000000.0,151000000.0,131000000.0,22:26:02  2 Oct 2020,40000
2020,10/1/2020,Trump,Biden,0.196175,0.799275,,0.00455,0.09855,0.90145,,202.5991,335.4009,,308,428.0,,110.0,230,,45.80278,52.9149,,1.282316,49.33842,56.42958,,1.959116,42.299659999999996,49.378859999999996,,0.6894800999999999,141000000.0,151000000.0,131000000.0,21:27:02  1 Oct 2020,40000
2020,9/30/2020,Trump,Biden,0.213425,0.78185,,0.004725,0.1119,0.8881,,206.2862,331.7138,,312,427.0,,111.0,226,,45.9699,52.745509999999996,,1.2845870000000001,49.56242,56.32423000000001,,1.9639790000000001,42.41258,49.1458,,0.6896354,141000000.0,151000000.0,131000000.0,20:24:04 30 Sep 2020,40000
2020,9/29/2020,Trump,Biden,0.216025,0.77935,,0.004625,0.110875,0.889125,,206.9328,331.0672,,312,425.0,,113.0,226,,45.962959999999995,52.751709999999996,,1.285323,49.542759999999994,56.316340000000004,,1.964764,42.41872,49.16298,,0.6902901,141000000.0,151000000.0,131000000.0,20:44:03 29 Sep 2020,40000
2020,9/28/2020,Trump,Biden,0.2196,0.775725,,0.004675,0.11455,0.88545,,207.7895,330.2105,,315,425.0,,113.0,223,,45.98885,52.72159,,1.289563,49.60487,56.3167,,1.9705740000000003,42.409209999999995,49.10035,,0.6930783,141000000.0,151000000.0,131000000.0,22:13:03 28 Sep 2020,40000
2020,9/27/2020,Trump,Biden,0.2197,0.7756,,0.0047,0.105025,0.894975,,206.6381,331.3619,,313,427.0,,111.0,225,,45.81521,52.8941,,1.29069,49.452329999999996,56.5064,,1.9727290000000002,42.21351,49.252159999999996,,0.6933518,141000000.0,151000000.0,131000000.0,20:00:04 27 Sep 2020,40000
2020,9/26/2020,Trump,Biden,0.225325,0.769675,,0.005,0.109125,0.890875,,207.176,330.824,,316,428.0,,110.0,222,,45.85375,52.854580000000006,,1.291674,49.51593,56.49204,,1.974954,42.22554,49.18813,,0.6933294,141000000.0,151000000.0,131000000.0,19:00:04 26 Sep 2020,40000
2020,9/25/2020,Trump,Biden,0.2281,0.76685,,0.00505,0.110725,0.889275,,207.5498,330.4502,,316,428.0,,110.0,222,,45.85934,52.84624,,1.294419,49.54781,56.51155,,1.978868,42.20478,49.15376,,0.6950172,141000000.0,151000000.0,131000000.0,22:17:03 25 Sep 2020,40000
2020,9/24/2020,Trump,Biden,0.229275,0.766175,,0.00455,0.118775,0.881225,,208.0136,329.9864,,315,427.5,,110.5,223,,45.95837,52.74191999999999,,1.299711,49.65797,56.42416,,1.9850580000000002,42.28753,49.029920000000004,,0.6993086,141000000.0,151000000.0,131000000.0,19:10:02 24 Sep 2020,40000
2020,9/23/2020,Trump,Biden,0.22235,0.772925,,0.004725,0.114775,0.885225,,206.3262,331.6738,,312,429.0,,109.0,226,,45.86427,52.83279,,1.302942,49.60622,56.55154,,1.9899950000000002,42.158120000000004,49.07958,,0.7010441,141000000.0,151000000.0,131000000.0,20:53:03 23 Sep 2020,40000
2020,9/22/2020,Trump,Biden,0.226,0.7686,,0.0054,0.1187,0.8813,,205.9798,332.0203,,313,428.0,,110.0,225,,45.897690000000004,52.816159999999996,,1.286152,49.669270000000004,56.57026,,1.9709880000000002,42.15979,49.03062,,0.6867073,141000000.0,151000000.0,131000000.0,19:00:04 22 Sep 2020,40000
2020,9/21/2020,Trump,Biden,0.22535,0.769225,,0.005425,0.119675,0.880325,,206.3478,331.6522,,312,429.0,,109.0,226,,45.879870000000004,52.82855,,1.291579,49.68482,56.61564,,1.9777310000000001,42.10999,49.01251,,0.6906254,141000000.0,151000000.0,131000000.0,19:00:04 21 Sep 2020,40000
2020,9/20/2020,Trump,Biden,0.225775,0.76835,,0.005875,0.12435,0.87565,,207.4107,330.5893,,314,427.0,,111.0,224,,45.929390000000005,52.777680000000004,,1.29294,49.757290000000005,56.5852,,1.980419,42.13705,48.94392,,0.691234,141000000.0,151000000.0,131000000.0,22:02:03 20 Sep 2020,40000
2020,9/19/2020,Trump,Biden,0.223425,0.771425,,0.00515,0.12565,0.87435,,207.3957,330.6043,,315,428.0,,110.0,223,,45.906000000000006,52.79246,,1.301542,49.77435,56.64014,,1.990523,42.077420000000004,48.91676,,0.697998,141000000.0,151000000.0,131000000.0,19:00:04 19 Sep 2020,40000
2020,9/18/2020,Trump,Biden,0.22725,0.768,,0.00475,0.127675,0.872325,,207.7489,330.251,,316,428.0,,110.0,222,,45.915820000000004,52.781040000000004,,1.303142,49.80641,56.64479,,1.993226,42.062709999999996,48.88648,,0.6987849,141000000.0,151000000.0,131000000.0,19:20:04 18 Sep 2020,40000
2020,9/17/2020,Trump,Biden,0.2368,0.7579,,0.0053,0.134,0.866,,209.9885,328.0115,,319,426.0,,112.0,219,,46.01027,52.68349,,1.306233,49.907790000000006,56.573809999999995,,1.995845,42.11573,48.77401,,0.6977358,141000000.0,151000000.0,131000000.0,19:00:03 17 Sep 2020,40000
2020,9/16/2020,Trump,Biden,0.233525,0.760775,,0.0057,0.1352,0.8648,,208.9003,329.0998,,318,428.0,,110.0,220,,46.00893,52.68781,,1.303264,49.93647,56.61147,,1.9923119999999999,42.07764,48.76082,,0.6898333999999999,141000000.0,151000000.0,131000000.0,23:12:03 16 Sep 2020,40000
2020,9/15/2020,Trump,Biden,0.23765,0.757575,,0.004775,0.13375,0.86625,,208.39,329.61,,321,429.0,,109.0,217,,45.94145,52.754419999999996,,1.30413,49.91407,56.70913,,1.988386,41.97375,48.79145,,0.697407,141000000.0,151000000.0,131000000.0,23:33:03 15 Sep 2020,40000
2020,9/14/2020,Trump,Biden,0.239225,0.755925,,0.00485,0.13615,0.86385,,208.9357,329.0644,,321,428.0,,110.0,217,,45.95493,52.74354,,1.301532,49.95798,56.73676,,1.989021,41.9717,48.73645,,0.6954645,141000000.0,151000000.0,131000000.0,23:33:03 14 Sep 2020,40000
2020,9/13/2020,Trump,Biden,0.24095,0.754475,,0.004575,0.133125,0.866875,,208.5953,329.4047,,321,429.0,,109.0,217,,45.92501,52.75881999999999,,1.316178,49.905570000000004,56.75976,,2.004302,41.92576,48.75369,,0.7045135,141000000.0,151000000.0,131000000.0,19:00:03 13 Sep 2020,40000
2020,9/12/2020,Trump,Biden,0.24515,0.749775,,0.005075,0.14015,0.85985,,209.328,328.67199999999997,,324,430.0,,108.0,214,,45.9426,52.72985,,1.327547,50.02527,56.81329,,2.023891,41.8729,48.66277,,0.7139139,141000000.0,151000000.0,131000000.0,19:00:04 12 Sep 2020,40000
2020,9/11/2020,Trump,Biden,0.2405,0.754575,,0.004925,0.13445,0.86555,,207.9071,330.0929,,322,431.0,,107.0,216,,45.8877,52.7874,,1.324906,49.93175,56.852090000000004,,2.017633,41.810359999999996,48.74033,,0.7070763000000001,141000000.0,151000000.0,131000000.0,19:00:03 11 Sep 2020,40000
2020,9/10/2020,Trump,Biden,0.248775,0.7457,,0.005525,0.14265,0.85735,,210.1214,327.8786,,325,429.0,,109.0,213,,45.97954,52.6937,,1.326768,50.05628,56.78706,,2.019654,41.89537,48.6067,,0.7108803000000001,141000000.0,151000000.0,131000000.0,21:47:02 10 Sep 2020,40000
2020,9/9/2020,Trump,Biden,0.253625,0.741525,,0.00485,0.148775,0.851225,,210.8713,327.1287,,327,429.0,,109.0,211,,45.989540000000005,52.678999999999995,,1.331467,50.16024,56.814240000000005,,2.023555,41.85178,48.52128,,0.7127523,141000000.0,151000000.0,131000000.0,23:52:03  9 Sep 2020,40000
2020,9/8/2020,Trump,Biden,0.282475,0.711825,,0.0057,0.161975,0.838025,,216.7224,321.2776,,328,428.0,,110.0,210,,46.183640000000004,52.488859999999995,,1.327493,50.35461,56.61628,,2.03035,42.06158,48.33362,,0.7052364000000001,141000000.0,151000000.0,131000000.0,22:02:02  8 Sep 2020,40000
2020,9/7/2020,Trump,Biden,0.284875,0.710275,,0.00485,0.164975,0.835025,,216.9577,321.0423,,329,427.0,,111.0,209,,46.20694,52.46479,,1.328264,50.39727,56.65034,,2.025721,42.043420000000005,48.26233,,0.7086886,141000000.0,151000000.0,131000000.0,21:01:02  7 Sep 2020,40000
2020,9/6/2020,Trump,Biden,0.2859,0.708875,,0.005225,0.1639,0.8361,,216.8837,321.1162,,331,428.0,,110.0,207,,46.12992,52.54525,,1.324825,50.38704,56.751290000000004,,2.0222759999999997,41.9192,48.28846,,0.7062308,141000000.0,151000000.0,131000000.0,21:06:02  6 Sep 2020,40000
2020,9/5/2020,Trump,Biden,0.29205,0.7034,,0.00455,0.16445,0.83555,,218.0766,319.9235,,331,426.0,,112.0,207,,46.183479999999996,52.483059999999995,,1.333467,50.39506,56.69505,,2.040212,41.95213,48.276270000000004,,0.7113791,,,,22:17:02  5 Sep 2020,40000
2020,9/4/2020,Trump,Biden,0.286825,0.7081,,0.005075,0.163225,0.836775,,217.0903,320.9097,,331,427.0,,111.0,207,,46.14719,52.52046,,1.33235,50.36639,56.727630000000005,,2.035542,41.94962,48.300670000000004,,0.7106224,,,,22:34:02  4 Sep 2020,40000
2020,9/3/2020,Trump,Biden,0.293225,0.7013,,0.005475,0.170675,0.829325,,218.8657,319.1343,,333,427.0,,111.0,205,,46.20557,52.46091,,1.333524,50.47948,56.76775,,2.024914,41.925509999999996,48.18411,,0.7098449,,,,21:55:03  3 Sep 2020,40000
2020,9/2/2020,Trump,Biden,0.2919,0.703325,,0.004775,0.17235,0.82765,,218.8979,319.1021,,333,427.0,,111.0,205,,46.21046,52.45839,,1.3311469999999999,50.496829999999996,56.771159999999995,,2.043273,41.92453,48.1503,,0.6999681,,,,21:52:26  2 Sep 2020,40000
2020,9/1/2020,Trump,Biden,0.30725,0.6881,,0.00465,0.18885,0.81115,,222.6908,315.3092,,337,425.0,,113.0,201,,46.3896,52.28353,,1.326867,50.72521,56.5868,,2.036718,42.086240000000004,47.95645,,0.7005318,,,,19:06:02  1 Sep 2020,40000
2020,8/31/2020,Trump,Biden,0.321275,0.673975,,0.00475,0.192075,0.807925,,225.0621,312.938,,337,424.0,,114.0,201,,46.460190000000004,52.21549,,1.324315,50.767790000000005,56.56361,,2.049913,42.11338,47.90186,,0.6925171999999999,,,,19:00:04 31 Aug 2020,40000
2020,8/30/2020,Trump,Biden,0.3094,0.6865,,0.0041,0.1879,0.8121,,221.8873,316.1126,,337,428.0,,110.0,201,,46.30907,52.34467,,1.346259,50.7851,56.75874,,2.057022,41.85261,47.88278,,0.7144256,,,,20:23:02 30 Aug 2020,40000
2020,8/29/2020,Trump,Biden,0.307525,0.6882,,0.004275,0.188325,0.811675,,220.7868,317.2131,,337,429.0,,109.0,201,,46.26345,52.40189,,1.334657,50.76155,56.91839,,2.051201,41.77486,47.88276,,0.7007713000000001,,,,19:00:02 29 Aug 2020,40000
2020,8/28/2020,Trump,Biden,0.3035,0.692525,,0.003975,0.186225,0.813775,,220.4639,317.5361,,337,429.0,,109.0,201,,46.2587,52.40611,,1.3351899999999999,50.75557,56.87645,,2.055656,41.81157,47.90101,,0.7022665,,,,19:00:03 28 Aug 2020,40000
2020,8/27/2020,Trump,Biden,0.2994,0.6964,,0.0042,0.182875,0.817125,,220.3914,317.6086,,336,428.0,,110.0,202,,46.282779999999995,52.39348,,1.3237379999999999,50.70728,56.78292,,2.0313849999999998,41.897729999999996,47.980740000000004,,0.6946608,,,,19:00:04 27 Aug 2020,40000
2020,8/26/2020,Trump,Biden,0.30055,0.69555,,0.0039,0.185375,0.814625,,220.8551,317.1448,,337,428.0,,110.0,201,,46.30215,52.37099,,1.326856,50.74532,56.808840000000004,,2.043283,41.88205,47.91171,,0.6934588,,,,19:01:03 26 Aug 2020,40000
2020,8/25/2020,Trump,Biden,0.27045,0.725875,,0.003675,0.16285,0.83715,,213.9388,324.0612,,331,432.0,,106.0,207,,46.02112,52.674209999999995,,1.304669,50.4388,57.08401,,2.018928,41.6248,48.26421,,0.6764926,,,,23:50:03 25 Aug 2020,40000
2020,8/24/2020,Trump,Biden,0.269575,0.726975,,0.00345,0.165475,0.834525,,213.7483,324.2517,,332,432.0,,106.0,206,,46.021,52.67211999999999,,1.306889,50.49995,57.116969999999995,,2.018909,41.58252,48.188790000000004,,0.6792486,,,,20:38:02 24 Aug 2020,40000
2020,8/23/2020,Trump,Biden,0.2673,0.729625,,0.003075,0.166625,0.833375,,212.5292,325.4708,,331,435.0,,103.0,207,,45.96653,52.731640000000006,,1.301827,50.48808,57.27231999999999,,2.018991,41.44489,48.20748,,0.6702564999999999,,,,19:00:03 23 Aug 2020,40000
2020,8/22/2020,Trump,Biden,0.271,0.7255,,0.0035,0.1667,0.8333,,213.3921,324.6079,,331,433.0,,105.0,207,,46.010940000000005,52.69307,,1.296,50.45963,57.18472,,2.0079759999999998,41.51054,48.209790000000005,,0.6636156,,,,19:00:03 22 Aug 2020,40000
2020,8/21/2020,Trump,Biden,0.267575,0.72875,,0.003675,0.16485,0.83515,,213.0551,324.9449,,331,433.0,,105.0,207,,45.99585,52.71219,,1.291965,50.457879999999996,57.176790000000004,,2.0072259999999997,41.53521,48.24926,,0.6572114,,,,19:26:02 21 Aug 2020,40000
2020,8/20/2020,Trump,Biden,0.27365,0.722825,,0.003525,0.1677,0.8323,,215.0446,322.9554,,333,431.0,,107.0,205,,46.07849,52.63926,,1.282259,50.51525,57.06075,,1.9958349999999998,41.65974,48.17797,,0.655274,,,,19:00:04 20 Aug 2020,40000
2020,8/19/2020,Trump,Biden,0.278625,0.717275,,0.0041,0.17315,0.82685,,216.3484,321.6516,,335,429.0,,109.0,203,,46.13017,52.586040000000004,,1.283783,50.591359999999995,57.03696,,2.001753,41.6842,48.12635,,0.6547295,,,,23:52:08 19 Aug 2020,40000
2020,8/18/2020,Trump,Biden,0.26775,0.7291,,0.00315,0.166375,0.833625,,214.7168,323.2832,,333,430.0,,108.0,205,,46.08685,52.6301,,1.283045,50.465509999999995,57.04149,,1.9932580000000002,41.676520000000004,48.22936,,0.6494714,,,,19:23:03 18 Aug 2020,40000
2020,8/17/2020,Trump,Biden,0.2724,0.72375,,0.00385,0.16975,0.83025,,215.2729,322.7271,,333,431.0,,107.0,205,,46.10958,52.610440000000004,,1.279983,50.537240000000004,57.08716,,1.9957509999999998,41.6344,48.18307,,0.6515046999999999,,,,22:43:02 17 Aug 2020,40000
2020,8/16/2020,Trump,Biden,0.282075,0.7145,,0.003425,0.175925,0.824075,,215.5538,322.4463,,336,431.0,,107.0,202,,46.16774,52.54878000000001,,1.2834780000000001,50.68077,57.06306,,2.005195,41.681259999999995,48.06044,,0.6544272,,,,20:17:02 16 Aug 2020,40000
2020,8/15/2020,Trump,Biden,0.27745,0.71915,,0.0034,0.17285,0.82715,,213.2509,324.7491,,335,434.0,,104.0,203,,46.05632,52.651,,1.292678,50.63273,57.21465,,2.011152,41.49172,48.0732,,0.6589594,,,,19:00:05 15 Aug 2020,40000
2020,8/14/2020,Trump,Biden,0.267475,0.72925,,0.003275,0.1657,0.8343,,211.6081,326.3919,,333,433.0,,105.0,205,,45.98938,52.71326,,1.2973620000000001,50.497679999999995,57.17666,,2.015094,41.51923,48.217009999999995,,0.6632899999999999,,,,19:00:02 14 Aug 2020,40000
2020,8/13/2020,Trump,Biden,0.2752,0.7216,,0.0032,0.177575,0.822425,,213.7498,324.2502,,336,434.0,,104.0,202,,46.11533,52.592969999999994,,1.291699,50.64245,57.13207,,2.010199,41.58178,48.04206,,0.6602212,,,,21:50:04 13 Aug 2020,40000
2020,8/12/2020,Trump,Biden,0.28765,0.70875,,0.0036,0.18305,0.81695,,215.1911,322.8088,,337,433.0,,105.0,201,,46.17112,52.52475,,1.304139,50.70852,57.11084,,2.027544,41.56429,47.97743,,0.6663015999999999,,,,23:41:03 12 Aug 2020,40000
2020,8/11/2020,Trump,Biden,0.2866,0.71025,,0.00315,0.190525,0.809475,,214.9498,323.0502,,337,433.0,,105.0,201,,46.20192,52.494530000000005,,1.3035459999999999,50.83683,57.101240000000004,,2.0287349999999997,41.59494,47.85249,,0.6627616,,,,19:08:03 11 Aug 2020,40000
2020,8/10/2020,Trump,Biden,0.28395,0.712875,,0.003175,0.19075,0.80925,,214.5426,323.4573,,337,435.0,,103.0,201,,46.190290000000005,52.49098000000001,,1.3187309999999999,50.86157,57.14674,,2.03493,41.552409999999995,47.82245,,0.6770315,,,,23:50:02 10 Aug 2020,40000
2020,8/9/2020,Trump,Biden,0.287175,0.709125,,0.0037,0.194675,0.805325,,215.6911,322.3089,,339,433.0,,105.0,199,,46.24909,52.43238,,1.318526,50.95182,57.08838000000001,,2.041819,41.57322,47.72408,,0.6778314000000001,,,,10:15:37 10 Aug 2020,40000
2020,8/8/2020,Trump,Biden,0.2912,0.7055,,0.0033,0.196425,0.803575,,216.0827,321.9173,,339,433.0,,105.0,199,,46.261590000000005,52.41681,,1.321599,50.90287,57.074909999999996,,2.040766,41.58996,47.74853,,0.6818589,,,,10:19:17 10 Aug 2020,40000
2020,8/7/2020,Trump,Biden,0.29715,0.6992,,0.00365,0.20105,0.79895,,217.1632,320.8368,,340,434.0,,104.0,198,,46.295429999999996,52.385040000000004,,1.3195299999999999,51.017379999999996,57.09568,,2.049613,41.580040000000004,47.65911,,0.6830333000000001,,,,10:19:37 10 Aug 2020,40000
2020,8/6/2020,Trump,Biden,0.2932,0.703325,,0.003475,0.199275,0.800725,,216.8208,321.1793,,341,433.0,,105.0,197,,46.286190000000005,52.39062,,1.323194,51.04249,57.13195,,2.040946,41.55771,47.63836,,0.6809334,,,,10:19:52 10 Aug 2020,40000
2020,8/5/2020,Trump,Biden,0.297725,0.698925,,0.00335,0.20245,0.79755,,217.515,320.485,,341,433.0,,105.0,197,,46.31205,52.36253,,1.32542,51.07544,57.098530000000004,,2.043509,41.558040000000005,47.58785,,0.6848398,,,,10:19:56 10 Aug 2020,40000
2020,8/4/2020,Trump,Biden,0.2804,0.716625,,0.002975,0.1844,0.8156,,212.0597,325.9403,,337,435.0,,103.0,201,,46.10718,52.578590000000005,,1.3142340000000001,50.79708,57.24018,,2.0516419999999997,41.437329999999996,47.889540000000004,,0.6713541999999999,,,,10:22:17 10 Aug 2020,40000
2020,8/3/2020,Trump,Biden,0.28325,0.712975,,0.003775,0.1875,0.8125,,212.9614,325.0386,,337,435.0,,103.0,201,,46.13739,52.54492,,1.317685,50.85131,57.255919999999996,,2.043417,41.4584,47.84332,,0.6747655,,,,10:25:40 10 Aug 2020,40000
2020,8/2/2020,Trump,Biden,0.283925,0.712425,,0.00365,0.187975,0.812025,,213.0605,324.9395,,338,435.0,,103.0,200,,46.13912,52.54113,,1.3197450000000002,50.89564,57.263709999999996,,2.046737,41.42797,47.760870000000004,,0.6751224,,,,10:26:03 10 Aug 2020,40000
2020,8/1/2020,Trump,Biden,0.286075,0.710875,,0.00305,0.188825,0.811175,,212.7638,325.2362,,338,436.0,,102.0,200,,46.11985,52.56146999999999,,1.318686,50.86026,57.29603,,2.046081,41.35671,47.80448,,0.6773493,,,,10:26:11 10 Aug 2020,40000
2020,7/31/2020,Trump,Biden,0.2867,0.710125,,0.003175,0.190775,0.809225,,213.5757,324.4243,,340,436.0,,102.0,198,,46.14778,52.53598,,1.316235,50.893359999999994,57.313340000000004,,2.039262,41.40097,47.77644,,0.6756095,,,,10:26:36 10 Aug 2020,40000
2020,7/30/2020,Trump,Biden,0.2609,0.7359,,0.0032,0.168075,0.831925,,208.4238,329.5762,,334,436.0,,102.0,204,,45.93544,52.748219999999996,,1.316337,50.53705,57.314240000000005,,2.040273,41.39065,48.10459,,0.6791376,,,,10:28:57 10 Aug 2020,40000
2020,7/29/2020,Trump,Biden,0.266675,0.729925,,0.0034,0.170825,0.829175,,209.04,328.96,,335,438.0,,100.0,203,,45.92358,52.74941,,1.327006,50.5773,57.41732,,2.056378,41.25378,48.105259999999994,,0.682309,,,,10:32:02 10 Aug 2020,40000
2020,7/28/2020,Trump,Biden,0.260625,0.7363,,0.003075,0.1666,0.8334,,207.1326,330.8674,,333,440.0,,98.0,205,,45.85881,52.812909999999995,,1.328276,50.51357,57.47815,,2.047201,41.1924,48.15805,,0.6911978,,,,10:32:31 10 Aug 2020,40000
2020,7/27/2020,Trump,Biden,0.26675,0.729775,,0.003475,0.173875,0.826125,,208.6976,329.3023,,336,438.0,,100.0,202,,45.91749,52.742709999999995,,1.339798,50.673809999999996,57.51265,,2.0690630000000003,41.17569,48.00462,,0.6958647,,,,10:32:26 10 Aug 2020,40000
2020,7/26/2020,Trump,Biden,0.267475,0.729375,,0.00315,0.178825,0.821175,,208.3017,329.6984,,336,439.0,,99.0,202,,45.97368,52.687830000000005,,1.3384909999999999,50.72295,57.42074,,2.060007,41.2672,47.954029999999996,,0.6963304,,,,10:33:13 10 Aug 2020,40000
2020,7/25/2020,Trump,Biden,0.262025,0.735,,0.002975,0.180675,0.819325,,209.0473,328.9527,,337,439.0,,99.0,201,,45.99001,52.670559999999995,,1.3394270000000001,50.816959999999995,57.41073000000001,,2.067447,41.24988,47.85799,,0.6928883000000001,,,,10:35:37 10 Aug 2020,40000
2020,7/24/2020,Trump,Biden,0.270275,0.7265,,0.003225,0.183275,0.816725,,209.7756,328.2244,,337,440.0,,98.0,201,,45.99775,52.66726,,1.3349950000000002,50.812709999999996,57.482009999999995,,2.060524,41.15303,47.828520000000005,,0.6884895999999999,,,,10:38:25 10 Aug 2020,40000
2020,7/23/2020,Trump,Biden,0.2641,0.732575,,0.003325,0.181825,0.818175,,207.8097,330.1903,,335,441.0,,97.0,203,,45.94709,52.71225,,1.34066,50.77929,57.56994,,2.080228,41.13475,47.90079,,0.6927854,,,,10:38:51 10 Aug 2020,40000
2020,7/22/2020,Trump,Biden,0.252225,0.745,,0.002775,0.178925,0.821075,,206.5702,331.4298,,335,441.0,,97.0,203,,45.89418,52.778569999999995,,1.327248,50.78386,57.5659,,2.062582,41.08658,47.8844,,0.6800984,,,,10:38:41 10 Aug 2020,40000
2020,7/21/2020,Trump,Biden,0.2583,0.73915,,0.00255,0.185725,0.814275,,208.3234,329.6766,,337,441.0,,97.0,201,,45.95774,52.704119999999996,,1.338143,50.84897,57.6297,,2.07406,41.06457,47.79524,,0.6910916,,,,10:39:48 10 Aug 2020,40000
2020,7/20/2020,Trump,Biden,0.24955,0.74795,,0.0025,0.1779,0.8221,,205.582,332.418,,335,444.0,,94.0,203,,45.83913,52.83022,,1.330654,50.795809999999996,57.7626,,2.062026,40.925340000000006,47.89375,,0.682163,,,,10:42:12 10 Aug 2020,40000
2020,7/19/2020,Trump,Biden,0.2566,0.7408,,0.0026,0.180875,0.819125,,206.8156,331.1844,,334,443.0,,95.0,204,,45.89302,52.79765,,1.309328,50.81057,57.69178,,2.04199,40.967290000000006,47.88055,,0.6704755,,,,10:44:46 10 Aug 2020,40000
2020,7/18/2020,Trump,Biden,0.26135,0.7356,,0.00305,0.181425,0.818575,,207.1693,330.8307,,335,445.0,,93.0,203,,45.888999999999996,52.79903,,1.311972,50.83132,57.750530000000005,,2.044307,40.9453,47.869440000000004,,0.6680883000000001,,,,10:45:11 10 Aug 2020,40000
2020,7/17/2020,Trump,Biden,0.2623,0.73485,,0.00285,0.182225,0.817775,,206.6574,331.3426,,335,444.0,,94.0,203,,45.89483,52.789359999999995,,1.3158020000000001,50.84206,57.7688,,2.05507,40.9332,47.8424,,0.6671382,,,,10:44:52 10 Aug 2020,40000
2020,7/16/2020,Trump,Biden,0.25935,0.73795,,0.0027,0.18045,0.81955,,205.8413,332.1587,,335,445.0,,93.0,203,,45.83747,52.84692,,1.315601,50.77852,57.80231,,2.064911,40.86111,47.907790000000006,,0.6639906999999999,,,,10:46:23 10 Aug 2020,40000
2020,7/15/2020,Trump,Biden,0.2392,0.758,,0.0028,0.1648,0.8352,,202.8228,335.1772,,330,444.0,,94.0,208,,45.71204,52.97364,,1.314317,50.58324,57.782140000000005,,2.0576939999999997,40.9049,48.117459999999994,,0.6696864,,,,10:48:47 10 Aug 2020,40000
2020,7/14/2020,Trump,Biden,0.258525,0.7385,,0.002975,0.1793,0.8207,,205.0833,332.9167,,335,446.0,,92.0,203,,45.80495,52.874080000000006,,1.320971,50.81122,57.864540000000005,,2.058922,40.815690000000004,47.87369,,0.6724886,,,,10:51:08 10 Aug 2020,40000
2020,7/13/2020,Trump,Biden,0.258175,0.73885,,0.002975,0.177825,0.822175,,204.7945,333.2055,,335,446.0,,92.0,203,,45.78563,52.89586,,1.318501,50.83285,57.92501,,2.064288,40.749320000000004,47.83879,,0.6674164,,,,10:51:31 10 Aug 2020,40000
2020,7/12/2020,Trump,Biden,0.27,0.726775,,0.003225,0.18445,0.81555,,206.4143,331.5857,,337,446.0,,92.0,201,,45.85665,52.818999999999996,,1.324355,50.9687,57.89326,,2.064648,40.79765,47.721940000000004,,0.6759626,,,,10:51:04 10 Aug 2020,40000
2020,7/11/2020,Trump,Biden,0.27945,0.71715,,0.0034,0.1946,0.8054,,208.5454,329.4546,,338,446.0,,92.0,200,,45.9315,52.73925,,1.329244,51.06208,57.841359999999995,,2.07124,40.82366,47.598659999999995,,0.6713284,,,,10:52:57 10 Aug 2020,40000
2020,7/10/2020,Trump,Biden,0.2752,0.7216,,0.0032,0.18985,0.81015,,207.4411,330.5589,,338,446.0,,92.0,200,,45.90247,52.775180000000006,,1.322349,51.00501,57.900380000000006,,2.069298,40.77045,47.68229,,0.6659154,,,,10:55:24 10 Aug 2020,40000
2020,7/9/2020,Trump,Biden,0.2727,0.72455,,0.00275,0.189925,0.810075,,208.0501,329.9499,,337,444.0,,94.0,201,,45.90316,52.776,,1.320845,51.005320000000005,57.83776999999999,,2.0619669999999997,40.8556,47.66722,,0.6737901999999999,,,,10:57:25 10 Aug 2020,40000
2020,7/8/2020,Trump,Biden,0.269625,0.727375,,0.003,0.185725,0.814275,,206.8318,331.1682,,337,446.0,,92.0,201,,45.85991,52.81811,,1.321982,50.988009999999996,57.891780000000004,,2.06713,40.75243,47.69514,,0.6688289000000001,,,,10:57:48 10 Aug 2020,40000
2020,7/7/2020,Trump,Biden,0.2684,0.728375,,0.003225,0.184825,0.815175,,206.8485,331.1515,,337,446.0,,92.0,201,,45.85553,52.82038000000001,,1.324095,50.93465,57.893409999999996,,2.085074,40.77628,47.73086,,0.6621054,,,,10:57:16 10 Aug 2020,40000
2020,7/6/2020,Trump,Biden,0.28085,0.7158,,0.00335,0.1989,0.8011,,211.0341,326.9659,,339,444.0,,94.0,199,,46.006820000000005,52.66445,,1.328738,51.19341,57.794369999999994,,2.070406,40.84578,47.484140000000004,,0.6696514,,,,10:59:26 10 Aug 2020,40000
2020,7/5/2020,Trump,Biden,0.23735,0.759375,,0.003275,0.156425,0.843575,,202.7701,335.2299,,326,443.0,,95.0,212,,45.65043,53.031009999999995,,1.318557,50.38384,57.78221,,2.045832,40.91089,48.25012,,0.6748976999999999,,,,11:01:55 10 Aug 2020,40000
2020,7/4/2020,Trump,Biden,0.239875,0.75685,,0.003275,0.159775,0.840225,,203.1415,334.8585,,326,444.0,,94.0,212,,45.65899,53.02658,,1.314429,50.453309999999995,57.82705,,2.047497,40.84191,48.237390000000005,,0.6702497,,,,11:03:40 10 Aug 2020,40000
2020,7/3/2020,Trump,Biden,0.238125,0.75895,,0.002925,0.156225,0.843775,,201.9703,336.0297,,326,445.0,,93.0,212,,45.599090000000004,53.088969999999996,,1.3119370000000001,50.39472,57.8764,,2.047345,40.80989,48.28157,,0.6673131999999999,,,,11:04:06 10 Aug 2020,40000
2020,7/2/2020,Trump,Biden,0.240025,0.7563,,0.003675,0.159175,0.840825,,202.9859,335.0142,,327,444.0,,94.0,211,,45.64618,53.04318000000001,,1.310638,50.45094,57.82728,,2.046242,40.84299,48.2515,,0.6632474,,,,11:03:27 10 Aug 2020,40000
2020,7/1/2020,Trump,Biden,0.23535,0.761525,,0.003125,0.162675,0.837325,,202.0124,335.9876,,327,446.0,,92.0,211,,45.62083,53.071580000000004,,1.307595,50.488659999999996,57.953340000000004,,2.0400259999999997,40.74539,48.21278,,0.6615871,,,,11:05:57 10 Aug 2020,40000
2020,6/30/2020,Trump,Biden,0.235475,0.761375,,0.00315,0.161425,0.838575,,202.2096,335.7904,,328,446.0,,92.0,210,,45.6191,53.071619999999996,,1.309282,50.48285,57.91264,,2.0458830000000003,40.79374,48.195409999999995,,0.6640404999999999,,,,11:08:25 10 Aug 2020,40000
2020,6/29/2020,Trump,Biden,0.209525,0.78785,,0.002625,0.136775,0.863225,,196.828,341.17199999999997,,318,446.0,,92.0,220,,45.39993,53.29433,,1.305736,50.07216,57.93801,,2.030914,40.733059999999995,48.61784,,0.6649159,,,,11:09:55 10 Aug 2020,40000
2020,6/28/2020,Trump,Biden,0.211325,0.785625,,0.00305,0.1372,0.8628,,196.2056,341.7944,,318,446.0,,92.0,220,,45.402120000000004,53.29407,,1.303815,50.07193,57.91076999999999,,2.0314080000000003,40.792559999999995,48.59251,,0.6616051,,,,11:10:24 10 Aug 2020,40000
2020,6/27/2020,Trump,Biden,0.2081,0.788425,,0.003475,0.1349,0.8651,,196.2634,341.7366,,317,446.0,,92.0,221,,45.40378,53.29099,,1.305233,50.05018,57.91059,,2.030622,40.77088,48.67001,,0.6599335999999999,,,,11:09:37 10 Aug 2020,40000
2020,6/26/2020,Trump,Biden,0.206375,0.79055,,0.003075,0.1373,0.8627,,195.4595,342.5405,,317,448.0,,90.0,221,,45.363040000000005,53.336890000000004,,1.300071,50.07875,58.02941,,2.029991,40.671459999999996,48.61265,,0.6623694999999999,,,,11:12:25 10 Aug 2020,40000
2020,6/25/2020,Trump,Biden,0.21695,0.7795,,0.00355,0.14275,0.85725,,198.2772,339.7228,,320,446.0,,92.0,218,,45.471140000000005,53.230030000000006,,1.298833,50.17564,57.90521,,2.029225,40.788509999999995,48.51783,,0.655317,,,,11:14:55 10 Aug 2020,40000
2020,6/24/2020,Trump,Biden,0.210325,0.786725,,0.00295,0.139475,0.860525,,196.5073,341.4927,,318,447.0,,91.0,220,,45.38713,53.31142,,1.301456,50.10804,58.0117,,2.035001,40.658409999999996,48.58786,,0.6588315,,,,11:16:09 10 Aug 2020,40000
2020,6/23/2020,Trump,Biden,0.2171,0.780075,,0.002825,0.1458,0.8542,,197.761,340.23900000000003,,322,447.0,,91.0,216,,45.44068,53.2442,,1.315118,50.26096,57.9963,,2.056763,40.67317,48.44623,,0.6635909999999999,,,,11:16:41 10 Aug 2020,40000
2020,6/22/2020,Trump,Biden,0.2154,0.7816,,0.003,0.1423,0.8577,,198.0367,339.9633,,320,447.0,,91.0,218,,45.408809999999995,53.28255,,1.308633,50.194359999999996,58.075,,2.0485029999999997,40.59536,48.48858,,0.6628679,,,,11:15:47 10 Aug 2020,40000
2020,6/21/2020,Trump,Biden,0.2195,0.777475,,0.003025,0.147625,0.852375,,199.1915,338.8086,,322,446.0,,92.0,216,,45.485040000000005,53.207269999999994,,1.30769,50.30505,57.9707,,2.0312349999999997,40.70179,48.40547,,0.6615897,,,,11:18:56 10 Aug 2020,40000
2020,6/20/2020,Trump,Biden,0.222,0.77515,,0.00285,0.1485,0.8515,,199.5023,338.4977,,322,446.0,,92.0,216,,45.49785,53.1989,,1.303245,50.29456,57.981590000000004,,2.0286310000000003,40.72705,48.413959999999996,,0.6607718,,,,11:21:24 10 Aug 2020,40000
2020,6/19/2020,Trump,Biden,0.225175,0.771925,,0.0029,0.1517,0.8483,,200.5645,337.4355,,325,446.0,,92.0,213,,45.53778,53.14845,,1.313769,50.375890000000005,57.973659999999995,,2.045823,40.7263,48.32314,,0.6591908000000001,,,,11:45:11 10 Aug 2020,40000
2020,6/18/2020,Trump,Biden,0.2375,0.75945,,0.00305,0.1602,0.8398,,201.7995,336.2005,,329,446.0,,92.0,209,,45.61443,53.072219999999994,,1.313351,50.51035,57.92015,,2.051174,40.76797,48.17367,,0.6700203,,,,11:46:38 10 Aug 2020,40000
2020,6/17/2020,Trump,Biden,0.235175,0.761575,,0.00325,0.160625,0.839375,,202.0645,335.9355,,327,446.0,,92.0,211,,45.61938,53.05688000000001,,1.323733,50.49227,57.913140000000006,,2.059546,40.75835,48.17007,,0.6750205,,,,11:47:02 10 Aug 2020,40000
2020,6/16/2020,Trump,Biden,0.2396,0.75675,,0.00365,0.1632,0.8368,,203.4893,334.5107,,328,444.0,,94.0,210,,45.68271,52.996140000000004,,1.321142,50.54545,57.88606,,2.061718,40.80315,48.15334,,0.6680158,,,,11:25:22 10 Aug 2020,40000
2020,6/15/2020,Trump,Biden,0.2478,0.749025,,0.003175,0.16485,0.83515,,205.0138,332.9862,,328,442.5,,95.5,210,,45.758109999999995,52.926669999999994,,1.315226,50.5504,57.722519999999996,,2.055342,40.9251,48.126000000000005,,0.6673416999999999,,,,11:27:55 10 Aug 2020,40000
2020,6/14/2020,Trump,Biden,0.234775,0.76255,,0.002675,0.153375,0.846625,,201.995,336.005,,326,443.0,,95.0,212,,45.60586,53.07205,,1.3220889999999998,50.351459999999996,57.8587,,2.051385,40.85883,48.30339,,0.6721538,,,,11:51:25 10 Aug 2020,40000
2020,6/13/2020,Trump,Biden,0.23715,0.75935,,0.0035,0.1587,0.8413,,203.3475,334.6525,,326,443.0,,95.0,212,,45.68189,53.003980000000006,,1.314134,50.4464,57.771469999999994,,2.0517849999999997,40.89159,48.24353,,0.6686158,,,,11:52:52 10 Aug 2020,40000
2020,6/12/2020,Trump,Biden,0.24235,0.7543,,0.00335,0.1589,0.8411,,203.924,334.07599999999996,,326,442.0,,96.0,212,,45.73086,52.94989,,1.3192469999999998,50.44556,57.685880000000004,,2.043238,40.99991,48.22766,,0.672668,,,,11:22:22 10 Aug 2020,40000
2020,6/11/2020,Trump,Biden,0.245325,0.75125,,0.003425,0.16185,0.83815,,204.4158,333.5842,,328,442.0,,96.0,210,,45.765859999999996,52.9145,,1.3196370000000002,50.50735,57.66437,,2.038496,41.04717,48.18432,,0.6725276,,,,11:31:50 10 Aug 2020,40000
2020,6/10/2020,Trump,Biden,0.28395,0.711825,,0.004225,0.1819,0.8181,,211.3559,326.6442,,333,438.0,,100.0,205,,46.011140000000005,52.67278,,1.316082,50.75439,57.43366999999999,,2.049852,41.276790000000005,47.92501,,0.6655345,,,,11:34:24 10 Aug 2020,40000
2020,6/9/2020,Trump,Biden,0.288525,0.7072,,0.004275,0.188,0.812,,213.6465,324.3535,,334,435.0,,103.0,204,,46.1313,52.5538,,1.314901,50.85634,57.30523,,2.0470770000000003,41.385940000000005,47.837140000000005,,0.6707772,,,,11:57:35 10 Aug 2020,40000
2020,6/8/2020,Trump,Biden,0.303425,0.692525,,0.00405,0.1998,0.8002,,216.1307,321.8693,,337,434.0,,104.0,201,,46.24477,52.43583,,1.319401,50.993320000000004,57.17598,,2.051627,41.524570000000004,47.69545,,0.6739508000000001,,,,11:59:04 10 Aug 2020,40000
2020,6/7/2020,Trump,Biden,0.302275,0.6935,,0.004225,0.19975,0.80025,,216.488,321.512,,337,434.0,,104.0,201,,46.2737,52.41333,,1.3129709999999999,51.05724,57.1865,,2.049617,41.49504,47.63892,,0.668447,,,,11:28:26 10 Aug 2020,40000
2020,6/6/2020,Trump,Biden,0.30525,0.69085,,0.0039,0.201325,0.798675,,217.2131,320.7869,,338,433.0,,105.0,200,,46.31012,52.378,,1.311875,51.04198,57.07314,,2.0509,41.62245,47.62445,,0.6645366,,,,11:47:23 10 Aug 2020,40000
2020,6/5/2020,Trump,Biden,0.30775,0.687725,,0.004525,0.20515,0.79485,,218.2592,319.7408,,339,432.0,,106.0,199,,46.36461,52.32565,,1.309747,51.10926,57.06739,,2.035725,41.62989,47.558820000000004,,0.6656065999999999,,,,11:40:55 10 Aug 2020,40000
2020,6/4/2020,Trump,Biden,0.28835,0.70755,,0.0041,0.187825,0.812175,,213.6946,324.3054,,335,434.0,,104.0,203,,46.17122,52.521840000000005,,1.3069389999999999,50.82633,57.19538000000001,,2.039343,41.49159,47.87417,,0.6616863000000001,,,,12:03:40 10 Aug 2020,40000
2020,6/3/2020,Trump,Biden,0.292525,0.703475,,0.004,0.190275,0.809725,,214.5781,323.4219,,335,433.0,,105.0,203,,46.22312,52.476290000000006,,1.3005879999999999,50.8365,57.11295,,2.0274259999999997,41.60196,47.858909999999995,,0.6611355999999999,,,,11:24:29 10 Aug 2020,40000
2020,6/2/2020,Trump,Biden,0.293975,0.70225,,0.003775,0.1923,0.8077,,214.024,323.976,,337,435.0,,103.0,201,,46.17807,52.50252,,1.319418,50.949329999999996,57.25561999999999,,2.049306,41.44363,47.74026,,0.6755669,,,,11:34:32 10 Aug 2020,40000
2020,6/1/2020,Trump,Biden,0.2959,0.700575,,0.003525,0.1943,0.8057,,215.0013,322.9987,,337,435.0,,103.0,201,,46.20322,52.47558000000001,,1.321204,50.93565,57.19166,,2.042146,41.49165,47.73165,,0.6759679,,,,11:53:49 10 Aug 2020,40000
